Workbook
Name 切片器_标签筛选: #N/A
Name 切片器_标签筛选1: #N/A
Name 切片器_列1: #N/A

Sheet 3
B3: 属性 | C3: 标签
D4: ='1'!B1 -> 新建 文本文档 | E4: ='1'!C1 -> 0 | F4: ='1'!D1 -> 0 | G4: ='1'!E1 -> 0 | H4: ='1'!F1 -> 0 | I4: ='1'!G1 -> 0 | J4: ='1'!H1 -> 0 | K4: ='1'!I1 -> 0 | L4: ='1'!J1 -> 0
A5: 标签筛选 | B5: 人群总量级 | D5: ='1'!B2 -> 42410 | E5: ='1'!C2 -> 0 | F5: ='1'!D2 -> 0 | G5: ='1'!E2 -> 0 | H5: ='1'!F2 -> 0 | I5: ='1'!G2 -> 0 | J5: ='1'!H2 -> 0 | K5: ='1'!I2 -> 0 | L5: ='1'!J2 -> 0
A6: 性别 | B6: 性别 | C6: 男 | D6: ='1'!B3 -> 0.0426 | E6: ='1'!C3 -> 0 | F6: ='1'!D3 -> 0 | G6: ='1'!E3 -> 0 | H6: ='1'!F3 -> 0 | I6: ='1'!G3 -> 0 | J6: ='1'!H3 -> 0 | K6: ='1'!I3 -> 0 | L6: ='1'!J3 -> 0
A7: 性别 | C7: 女 | D7: ='1'!B4 -> 0.9566 | E7: ='1'!C4 -> 0 | F7: ='1'!D4 -> 0 | G7: ='1'!E4 -> 0 | H7: ='1'!F4 -> 0 | I7: ='1'!G4 -> 0 | J7: ='1'!H4 -> 0 | K7: ='1'!I4 -> 0 | L7: ='1'!J4 -> 0
A8: 性别 | C8: 性别未知 | D8: ='1'!B5 -> 0.0008 | E8: ='1'!C5 -> 0 | F8: ='1'!D5 -> 0 | G8: ='1'!E5 -> 0 | H8: ='1'!F5 -> 0 | I8: ='1'!G5 -> 0 | J8: ='1'!H5 -> 0 | K8: ='1'!I5 -> 0 | L8: ='1'!J5 -> 0
A9: 购买者年龄分布 | B9: 购买者年龄分布 | C9: 平均年龄预估 | D9: =21*D10+27*D11+32*D12+37*D13+42*D14+45*D15 -> 28.695 | E9: =21*E10+27*E11+32*E12+37*E13+42*E14+45*E15 -> 0 | F9: =21*F10+27*F11+32*F12+37*F13+42*F14+45*F15 -> 0 | G9: =21*G10+27*G11+32*G12+37*G13+42*G14+45*G15 -> 0 | H9: =21*H10+27*H11+32*H12+37*H13+42*H14+45*H15 -> 0 | I9: =21*I10+27*I11+32*I12+37*I13+42*I14+45*I15 -> 0 | J9: =21*J10+27*J11+32*J12+37*J13+42*J14+45*J15 -> 0 | K9: =21*K10+27*K11+32*K12+37*K13+42*K14+45*K15 -> 0 | L9: =21*L10+27*L11+32*L12+37*L13+42*L14+45*L15 -> 0
A10: 购买者年龄分布 | C10: 18-24 | D10: ='1'!B6 -> 0.2382 | E10: ='1'!C6 -> 0 | F10: ='1'!D6 -> 0 | G10: ='1'!E6 -> 0 | H10: ='1'!F6 -> 0 | I10: ='1'!G6 -> 0 | J10: ='1'!H6 -> 0 | K10: ='1'!I6 -> 0 | L10: ='1'!J6 -> 0
A11: 购买者年龄分布 | C11: 25-29 | D11: ='1'!B7 -> 0.3807 | E11: ='1'!C7 -> 0 | F11: ='1'!D7 -> 0 | G11: ='1'!E7 -> 0 | H11: ='1'!F7 -> 0 | I11: ='1'!G7 -> 0 | J11: ='1'!H7 -> 0 | K11: ='1'!I7 -> 0 | L11: ='1'!J7 -> 0
A12: 购买者年龄分布 | C12: 30-34 | D12: ='1'!B8 -> 0.202 | E12: ='1'!C8 -> 0 | F12: ='1'!D8 -> 0 | G12: ='1'!E8 -> 0 | H12: ='1'!F8 -> 0 | I12: ='1'!G8 -> 0 | J12: ='1'!H8 -> 0 | K12: ='1'!I8 -> 0 | L12: ='1'!J8 -> 0
A13: 购买者年龄分布 | C13: 35-39 | D13: ='1'!B9 -> 0.1066 | E13: ='1'!C9 -> 0 | F13: ='1'!D9 -> 0 | G13: ='1'!E9 -> 0 | H13: ='1'!F9 -> 0 | I13: ='1'!G9 -> 0 | J13: ='1'!H9 -> 0 | K13: ='1'!I9 -> 0 | L13: ='1'!J9 -> 0
A14: 购买者年龄分布 | C14: 40-44 | D14: ='1'!B10 -> 0.0346 | E14: ='1'!C10 -> 0 | F14: ='1'!D10 -> 0 | G14: ='1'!E10 -> 0 | H14: ='1'!F10 -> 0 | I14: ='1'!G10 -> 0 | J14: ='1'!H10 -> 0 | K14: ='1'!I10 -> 0 | L14: ='1'!J10 -> 0
A15: 购买者年龄分布 | C15: 45+ | D15: ='1'!B11+'1'!B12+'1'!B13+'1'!B14 -> 0.0345 | E15: ='1'!C11+'1'!C12+'1'!C13+'1'!C14 -> 0 | F15: ='1'!D11+'1'!D12+'1'!D13+'1'!D14 -> 0 | G15: ='1'!E11+'1'!E12+'1'!E13+'1'!E14 -> 0 | H15: ='1'!F11+'1'!F12+'1'!F13+'1'!F14 -> 0 | I15: ='1'!G11+'1'!G12+'1'!G13+'1'!G14 -> 0 | J15: ='1'!H11+'1'!H12+'1'!H13+'1'!H14 -> 0 | K15: ='1'!I11+'1'!I12+'1'!I13+'1'!I14 -> 0 | L15: ='1'!J11+'1'!J12+'1'!J13+'1'!J14 -> 0
A16: 购买者年龄分布 | C16: 年龄未知 | D16: ='1'!B15 -> 0.0033 | E16: ='1'!C15 -> 0 | F16: ='1'!D15 -> 0 | G16: ='1'!E15 -> 0 | H16: ='1'!F15 -> 0 | I16: ='1'!G15 -> 0 | J16: ='1'!H15 -> 0 | K16: ='1'!I15 -> 0 | L16: ='1'!J15 -> 0
A17: 购买者所处城市等级 | B17: 购买者所处城市等级 | C17: City Tier 1 | D17: ='1'!B16 -> 0.1344 | E17: ='1'!C16 -> 0 | F17: ='1'!D16 -> 0 | G17: ='1'!E16 -> 0 | H17: ='1'!F16 -> 0 | I17: ='1'!G16 -> 0 | J17: ='1'!H16 -> 0 | K17: ='1'!I16 -> 0 | L17: ='1'!J16 -> 0
A18: 购买者所处城市等级 | C18: City Tier 2 | D18: ='1'!B17 -> 0.3293 | E18: ='1'!C17 -> 0 | F18: ='1'!D17 -> 0 | G18: ='1'!E17 -> 0 | H18: ='1'!F17 -> 0 | I18: ='1'!G17 -> 0 | J18: ='1'!H17 -> 0 | K18: ='1'!I17 -> 0 | L18: ='1'!J17 -> 0
A19: 购买者所处城市等级 | C19: City Tier 3 | D19: ='1'!B18 -> 0.2034 | E19: ='1'!C18 -> 0 | F19: ='1'!D18 -> 0 | G19: ='1'!E18 -> 0 | H19: ='1'!F18 -> 0 | I19: ='1'!G18 -> 0 | J19: ='1'!H18 -> 0 | K19: ='1'!I18 -> 0 | L19: ='1'!J18 -> 0
A20: 购买者所处城市等级 | C20: City Tier 4 | D20: ='1'!B19 -> 0.089 | E20: ='1'!C19 -> 0 | F20: ='1'!D19 -> 0 | G20: ='1'!E19 -> 0 | H20: ='1'!F19 -> 0 | I20: ='1'!G19 -> 0 | J20: ='1'!H19 -> 0 | K20: ='1'!I19 -> 0 | L20: ='1'!J19 -> 0
A21: 购买者所处城市等级 | C21: City Tier 5 | D21: ='1'!B20 -> 0.1452 | E21: ='1'!C20 -> 0 | F21: ='1'!D20 -> 0 | G21: ='1'!E20 -> 0 | H21: ='1'!F20 -> 0 | I21: ='1'!G20 -> 0 | J21: ='1'!H20 -> 0 | K21: ='1'!I20 -> 0 | L21: ='1'!J20 -> 0
A22: 购买者所处城市等级 | C22: City Tier 6 | D22: ='1'!B21 -> 0.0951 | E22: ='1'!C21 -> 0 | F22: ='1'!D21 -> 0 | G22: ='1'!E21 -> 0 | H22: ='1'!F21 -> 0 | I22: ='1'!G21 -> 0 | J22: ='1'!H21 -> 0 | K22: ='1'!I21 -> 0 | L22: ='1'!J21 -> 0
A23: 购买者所处城市等级 | C23: 城市等级未知 | D23: ='1'!B22 -> 0.0036 | E23: ='1'!C22 -> 0 | F23: ='1'!D22 -> 0 | G23: ='1'!E22 -> 0 | H23: ='1'!F22 -> 0 | I23: ='1'!G22 -> 0 | J23: ='1'!H22 -> 0 | K23: ='1'!I22 -> 0 | L23: ='1'!J22 -> 0
A24: 预测购买力 | B24: 预测购买力 | C24: 1 | D24: ='1'!B23 -> 0.0071 | E24: ='1'!C23 -> 0 | F24: ='1'!D23 -> 0 | G24: ='1'!E23 -> 0 | H24: ='1'!F23 -> 0 | I24: ='1'!G23 -> 0 | J24: ='1'!H23 -> 0 | K24: ='1'!I23 -> 0 | L24: ='1'!J23 -> 0
A25: 预测购买力 | C25: 2 | D25: ='1'!B24 -> 0.0836 | E25: ='1'!C24 -> 0 | F25: ='1'!D24 -> 0 | G25: ='1'!E24 -> 0 | H25: ='1'!F24 -> 0 | I25: ='1'!G24 -> 0 | J25: ='1'!H24 -> 0 | K25: ='1'!I24 -> 0 | L25: ='1'!J24 -> 0
A26: 预测购买力 | C26: 3 | D26: ='1'!B25 -> 0.2289 | E26: ='1'!C25 -> 0 | F26: ='1'!D25 -> 0 | G26: ='1'!E25 -> 0 | H26: ='1'!F25 -> 0 | I26: ='1'!G25 -> 0 | J26: ='1'!H25 -> 0 | K26: ='1'!I25 -> 0 | L26: ='1'!J25 -> 0
A27: 预测购买力 | C27: 4 | D27: ='1'!B26 -> 0.3504 | E27: ='1'!C26 -> 0 | F27: ='1'!D26 -> 0 | G27: ='1'!E26 -> 0 | H27: ='1'!F26 -> 0 | I27: ='1'!G26 -> 0 | J27: ='1'!H26 -> 0 | K27: ='1'!I26 -> 0 | L27: ='1'!J26 -> 0
A28: 预测购买力 | C28: 5 | D28: ='1'!B27 -> 0.3296 | E28: ='1'!C27 -> 0 | F28: ='1'!D27 -> 0 | G28: ='1'!E27 -> 0 | H28: ='1'!F27 -> 0 | I28: ='1'!G27 -> 0 | J28: ='1'!H27 -> 0 | K28: ='1'!I27 -> 0 | L28: ='1'!J27 -> 0
A29: 预测购买力 | C29: 购买力未知 | D29: ='1'!B28 -> 0.0004 | E29: ='1'!C28 -> 0 | F29: ='1'!D28 -> 0 | G29: ='1'!E28 -> 0 | H29: ='1'!F28 -> 0 | I29: ='1'!G28 -> 0 | J29: ='1'!H28 -> 0 | K29: ='1'!I28 -> 0 | L29: ='1'!J28 -> 0
A30: 护肤年消费金额 | B30: 护肤年消费金额 | C30: 0-1000元 | D30: ='1'!B30+'1'!B31+'1'!B32+'1'!B33+'1'!B34+'1'!B35+'1'!B29 -> 0.271 | E30: ='1'!C30+'1'!C31+'1'!C32+'1'!C33+'1'!C34+'1'!C35+'1'!C29 -> 0 | F30: ='1'!D30+'1'!D31+'1'!D32+'1'!D33+'1'!D34+'1'!D35+'1'!D29 -> 0 | G30: ='1'!E30+'1'!E31+'1'!E32+'1'!E33+'1'!E34+'1'!E35+'1'!E29 -> 0 | H30: ='1'!F30+'1'!F31+'1'!F32+'1'!F33+'1'!F34+'1'!F35+'1'!F29 -> 0 | I30: ='1'!G30+'1'!G31+'1'!G32+'1'!G33+'1'!G34+'1'!G35+'1'!G29 -> 0 | J30: ='1'!H30+'1'!H31+'1'!H32+'1'!H33+'1'!H34+'1'!H35+'1'!H29 -> 0 | K30: ='1'!I30+'1'!I31+'1'!I32+'1'!I33+'1'!I34+'1'!I35+'1'!I29 -> 0 | L30: ='1'!J30+'1'!J31+'1'!J32+'1'!J33+'1'!J34+'1'!J35+'1'!J29 -> 0
A31: 护肤年消费金额 | C31: 1000-1499元 | D31: ='1'!B36 -> 0.1017 | E31: ='1'!C36 -> 0 | F31: ='1'!D36 -> 0 | G31: ='1'!E36 -> 0 | H31: ='1'!F36 -> 0 | I31: ='1'!G36 -> 0 | J31: ='1'!H36 -> 0 | K31: ='1'!I36 -> 0 | L31: ='1'!J36 -> 0
A32: 护肤年消费金额 | C32: 1500-1999元 | D32: ='1'!B37 -> 0.0878 | E32: ='1'!C37 -> 0 | F32: ='1'!D37 -> 0 | G32: ='1'!E37 -> 0 | H32: ='1'!F37 -> 0 | I32: ='1'!G37 -> 0 | J32: ='1'!H37 -> 0 | K32: ='1'!I37 -> 0 | L32: ='1'!J37 -> 0
A33: 护肤年消费金额 | C33: 2000-4999元 | D33: ='1'!B38 -> 0.3041 | E33: ='1'!C38 -> 0 | F33: ='1'!D38 -> 0 | G33: ='1'!E38 -> 0 | H33: ='1'!F38 -> 0 | I33: ='1'!G38 -> 0 | J33: ='1'!H38 -> 0 | K33: ='1'!I38 -> 0 | L33: ='1'!J38 -> 0
A34: 护肤年消费金额 | C34: 5000元及以上 | D34: ='1'!B39 -> 0.2354 | E34: ='1'!C39 -> 0 | F34: ='1'!D39 -> 0 | G34: ='1'!E39 -> 0 | H34: ='1'!F39 -> 0 | I34: ='1'!G39 -> 0 | J34: ='1'!H39 -> 0 | K34: ='1'!I39 -> 0 | L34: ='1'!J39 -> 0
A35: 护肤年消费频次 | B35: 护肤年消费频次 | C35: 0-5次 | D35: ='1'!B40+'1'!B41+'1'!B42+'1'!B43+'1'!B44 -> 0.1942 | E35: ='1'!C40+'1'!C41+'1'!C42+'1'!C43+'1'!C44 -> 0 | F35: ='1'!D40+'1'!D41+'1'!D42+'1'!D43+'1'!D44 -> 0 | G35: ='1'!E40+'1'!E41+'1'!E42+'1'!E43+'1'!E44 -> 0 | H35: ='1'!F40+'1'!F41+'1'!F42+'1'!F43+'1'!F44 -> 0 | I35: ='1'!G40+'1'!G41+'1'!G42+'1'!G43+'1'!G44 -> 0 | J35: ='1'!H40+'1'!H41+'1'!H42+'1'!H43+'1'!H44 -> 0 | K35: ='1'!I40+'1'!I41+'1'!I42+'1'!I43+'1'!I44 -> 0 | L35: ='1'!J40+'1'!J41+'1'!J42+'1'!J43+'1'!J44 -> 0
A36: 护肤年消费频次 | C36: 6-10次 | D36: ='1'!B45+'1'!B46 -> 0.2087 | E36: ='1'!C45+'1'!C46 -> 0 | F36: ='1'!D45+'1'!D46 -> 0 | G36: ='1'!E45+'1'!E46 -> 0 | H36: ='1'!F45+'1'!F46 -> 0 | I36: ='1'!G45+'1'!G46 -> 0 | J36: ='1'!H45+'1'!H46 -> 0 | K36: ='1'!I45+'1'!I46 -> 0 | L36: ='1'!J45+'1'!J46 -> 0
A37: 护肤年消费频次 | C37: 11-12次 | D37: ='1'!B47 -> 0.0759 | E37: ='1'!C47 -> 0 | F37: ='1'!D47 -> 0 | G37: ='1'!E47 -> 0 | H37: ='1'!F47 -> 0 | I37: ='1'!G47 -> 0 | J37: ='1'!H47 -> 0 | K37: ='1'!I47 -> 0 | L37: ='1'!J47 -> 0
A38: 护肤年消费频次 | C38: 13次及以上 | D38: ='1'!B48 -> 0.5212 | E38: ='1'!C48 -> 0 | F38: ='1'!D48 -> 0 | G38: ='1'!E48 -> 0 | H38: ='1'!F48 -> 0 | I38: ='1'!G48 -> 0 | J38: ='1'!H48 -> 0 | K38: ='1'!I48 -> 0 | L38: ='1'!J48 -> 0
A39: 彩妆年消费金额 | B39: 彩妆年消费金额 | C39: 0元 | D39: ='1'!B69 -> 0.0014 | E39: ='1'!C69 -> 0 | F39: ='1'!D69 -> 0 | G39: ='1'!E69 -> 0 | H39: ='1'!F69 -> 0 | I39: ='1'!G69 -> 0 | J39: ='1'!H69 -> 0 | K39: ='1'!I69 -> 0 | L39: ='1'!J69 -> 0
A40: 彩妆年消费金额 | C40: 1-200元 | D40: ='1'!B70+'1'!B71 -> 0.0016 | E40: ='1'!C70+'1'!C71 -> 0 | F40: ='1'!D70+'1'!D71 -> 0 | G40: ='1'!E70+'1'!E71 -> 0 | H40: ='1'!F70+'1'!F71 -> 0 | I40: ='1'!G70+'1'!G71 -> 0 | J40: ='1'!H70+'1'!H71 -> 0 | K40: ='1'!I70+'1'!I71 -> 0 | L40: ='1'!J70+'1'!J71 -> 0
A41: 彩妆年消费金额 | C41: 200-500元 | D41: ='1'!B72+'1'!B73 -> 0.0292 | E41: ='1'!C72+'1'!C73 -> 0 | F41: ='1'!D72+'1'!D73 -> 0 | G41: ='1'!E72+'1'!E73 -> 0 | H41: ='1'!F72+'1'!F73 -> 0 | I41: ='1'!G72+'1'!G73 -> 0 | J41: ='1'!H72+'1'!H73 -> 0 | K41: ='1'!I72+'1'!I73 -> 0 | L41: ='1'!J72+'1'!J73 -> 0
A42: 彩妆年消费金额 | C42: 500-1000元 | D42: ='1'!B74+'1'!B75 -> 0.1774 | E42: ='1'!C74+'1'!C75 -> 0 | F42: ='1'!D74+'1'!D75 -> 0 | G42: ='1'!E74+'1'!E75 -> 0 | H42: ='1'!F74+'1'!F75 -> 0 | I42: ='1'!G74+'1'!G75 -> 0 | J42: ='1'!H74+'1'!H75 -> 0 | K42: ='1'!I74+'1'!I75 -> 0 | L42: ='1'!J74+'1'!J75 -> 0
A43: 彩妆年消费金额 | C43: 1000-2000元 | D43: ='1'!B76+'1'!B77 -> 0.324 | E43: ='1'!C76+'1'!C77 -> 0 | F43: ='1'!D76+'1'!D77 -> 0 | G43: ='1'!E76+'1'!E77 -> 0 | H43: ='1'!F76+'1'!F77 -> 0 | I43: ='1'!G76+'1'!G77 -> 0 | J43: ='1'!H76+'1'!H77 -> 0 | K43: ='1'!I76+'1'!I77 -> 0 | L43: ='1'!J76+'1'!J77 -> 0
A44: 彩妆年消费金额 | C44: 2000元及以上 | D44: ='1'!B78+'1'!B79 -> 0.4664 | E44: ='1'!C78+'1'!C79 -> 0 | F44: ='1'!D78+'1'!D79 -> 0 | G44: ='1'!E78+'1'!E79 -> 0 | H44: ='1'!F78+'1'!F79 -> 0 | I44: ='1'!G78+'1'!G79 -> 0 | J44: ='1'!H78+'1'!H79 -> 0 | K44: ='1'!I78+'1'!I79 -> 0 | L44: ='1'!J78+'1'!J79 -> 0
A45: 彩妆年消费频次 | B45: 彩妆年消费频次 | C45: 0-5次 | D45: ='1'!B80+'1'!B81+'1'!B82+'1'!B83+'1'!B84 -> 0.1559 | E45: ='1'!C80+'1'!C81+'1'!C82+'1'!C83+'1'!C84 -> 0 | F45: ='1'!D80+'1'!D81+'1'!D82+'1'!D83+'1'!D84 -> 0 | G45: ='1'!E80+'1'!E81+'1'!E82+'1'!E83+'1'!E84 -> 0 | H45: ='1'!F80+'1'!F81+'1'!F82+'1'!F83+'1'!F84 -> 0 | I45: ='1'!G80+'1'!G81+'1'!G82+'1'!G83+'1'!G84 -> 0 | J45: ='1'!H80+'1'!H81+'1'!H82+'1'!H83+'1'!H84 -> 0 | K45: ='1'!I80+'1'!I81+'1'!I82+'1'!I83+'1'!I84 -> 0 | L45: ='1'!J80+'1'!J81+'1'!J82+'1'!J83+'1'!J84 -> 0
A46: 彩妆年消费频次 | C46: 6-10次 | D46: ='1'!B85+'1'!B86 -> 0.2071 | E46: ='1'!C85+'1'!C86 -> 0 | F46: ='1'!D85+'1'!D86 -> 0 | G46: ='1'!E85+'1'!E86 -> 0 | H46: ='1'!F85+'1'!F86 -> 0 | I46: ='1'!G85+'1'!G86 -> 0 | J46: ='1'!H85+'1'!H86 -> 0 | K46: ='1'!I85+'1'!I86 -> 0 | L46: ='1'!J85+'1'!J86 -> 0
A47: 彩妆年消费频次 | C47: 11-12次 | D47: ='1'!B87 -> 0.074 | E47: ='1'!C87 -> 0 | F47: ='1'!D87 -> 0 | G47: ='1'!E87 -> 0 | H47: ='1'!F87 -> 0 | I47: ='1'!G87 -> 0 | J47: ='1'!H87 -> 0 | K47: ='1'!I87 -> 0 | L47: ='1'!J87 -> 0
A48: 彩妆年消费频次 | C48: 13次及以上 | D48: ='1'!B88 -> 0.5631 | E48: ='1'!C88 -> 0 | F48: ='1'!D88 -> 0 | G48: ='1'!E88 -> 0 | H48: ='1'!F88 -> 0 | I48: ='1'!G88 -> 0 | J48: ='1'!H88 -> 0 | K48: ='1'!I88 -> 0 | L48: ='1'!J88 -> 0
A49: 策略人群 | B49: 策略人群 | C49: 都市蓝领 | D49: ='1'!B49 -> 0.0446 | E49: ='1'!C49 -> 0 | F49: ='1'!D49 -> 0 | G49: ='1'!E49 -> 0 | H49: ='1'!F49 -> 0 | I49: ='1'!G49 -> 0 | J49: ='1'!H49 -> 0 | K49: ='1'!I49 -> 0 | L49: ='1'!J49 -> 0
A50: 策略人群 | C50: Z时代人群 | D50: ='1'!B50 -> 0.1464 | E50: ='1'!C50 -> 0 | F50: ='1'!D50 -> 0 | G50: ='1'!E50 -> 0 | H50: ='1'!F50 -> 0 | I50: ='1'!G50 -> 0 | J50: ='1'!H50 -> 0 | K50: ='1'!I50 -> 0 | L50: ='1'!J50 -> 0
A51: 策略人群 | C51: 精致妈妈 | D51: ='1'!B51 -> 0.0822 | E51: ='1'!C51 -> 0 | F51: ='1'!D51 -> 0 | G51: ='1'!E51 -> 0 | H51: ='1'!F51 -> 0 | I51: ='1'!G51 -> 0 | J51: ='1'!H51 -> 0 | K51: ='1'!I51 -> 0 | L51: ='1'!J51 -> 0
A52: 策略人群 | C52: 小镇中年 | D52: ='1'!B52 -> 0.1545 | E52: ='1'!C52 -> 0 | F52: ='1'!D52 -> 0 | G52: ='1'!E52 -> 0 | H52: ='1'!F52 -> 0 | I52: ='1'!G52 -> 0 | J52: ='1'!H52 -> 0 | K52: ='1'!I52 -> 0 | L52: ='1'!J52 -> 0
A53: 策略人群 | C53: 新锐白领 | D53: ='1'!B53 -> 0.3112 | E53: ='1'!C53 -> 0 | F53: ='1'!D53 -> 0 | G53: ='1'!E53 -> 0 | H53: ='1'!F53 -> 0 | I53: ='1'!G53 -> 0 | J53: ='1'!H53 -> 0 | K53: ='1'!I53 -> 0 | L53: ='1'!J53 -> 0
A54: 策略人群 | C54: 小镇老年 | D54: ='1'!B54 -> 0.015 | E54: ='1'!C54 -> 0 | F54: ='1'!D54 -> 0 | G54: ='1'!E54 -> 0 | H54: ='1'!F54 -> 0 | I54: ='1'!G54 -> 0 | J54: ='1'!H54 -> 0 | K54: ='1'!I54 -> 0 | L54: ='1'!J54 -> 0
A55: 策略人群 | C55: 小镇青年 | D55: ='1'!B55 -> 0.2713 | E55: ='1'!C55 -> 0 | F55: ='1'!D55 -> 0 | G55: ='1'!E55 -> 0 | H55: ='1'!F55 -> 0 | I55: ='1'!G55 -> 0 | J55: ='1'!H55 -> 0 | K55: ='1'!I55 -> 0 | L55: ='1'!J55 -> 0
A56: 策略人群 | C56: 资深白领 | D56: ='1'!B56 -> 0.0854 | E56: ='1'!C56 -> 0 | F56: ='1'!D56 -> 0 | G56: ='1'!E56 -> 0 | H56: ='1'!F56 -> 0 | I56: ='1'!G56 -> 0 | J56: ='1'!H56 -> 0 | K56: ='1'!I56 -> 0 | L56: ='1'!J56 -> 0
A57: 策略人群 | C57: 都市银发族 | D57: ='1'!B57 -> 0.011 | E57: ='1'!C57 -> 0 | F57: ='1'!D57 -> 0 | G57: ='1'!E57 -> 0 | H57: ='1'!F57 -> 0 | I57: ='1'!G57 -> 0 | J57: ='1'!H57 -> 0 | K57: ='1'!I57 -> 0 | L57: ='1'!J57 -> 0
A58: 策略人群3.0 | B58: 策略人群3.0 | C58: 精致女性 | D58: ='1'!B59 -> 0 | E58: ='1'!C59 -> 0 | F58: ='1'!D59 -> 0 | G58: ='1'!E59 -> 0 | H58: ='1'!F59 -> 0 | I58: ='1'!G59 -> 0 | J58: ='1'!H59 -> 0 | K58: ='1'!I59 -> 0 | L58: ='1'!J59 -> 0
A59: 策略人群3.0 | C59: 小镇新贵 | D59: ='1'!B60 -> 0 | E59: ='1'!C60 -> 0 | F59: ='1'!D60 -> 0 | G59: ='1'!E60 -> 0 | H59: ='1'!F60 -> 0 | I59: ='1'!G60 -> 0 | J59: ='1'!H60 -> 0 | K59: ='1'!I60 -> 0 | L59: ='1'!J60 -> 0
A60: 策略人群3.0 | C60: 都市型男 | D60: ='1'!B61 -> 0 | E60: ='1'!C61 -> 0 | F60: ='1'!D61 -> 0 | G60: ='1'!E61 -> 0 | H60: ='1'!F61 -> 0 | I60: ='1'!G61 -> 0 | J60: ='1'!H61 -> 0 | K60: ='1'!I61 -> 0 | L60: ='1'!J61 -> 0
A61: 策略人群3.0 | C61: 悦己青年 | D61: ='1'!B62 -> 0 | E61: ='1'!C62 -> 0 | F61: ='1'!D62 -> 0 | G61: ='1'!E62 -> 0 | H61: ='1'!F62 -> 0 | I61: ='1'!G62 -> 0 | J61: ='1'!H62 -> 0 | K61: ='1'!I62 -> 0 | L61: ='1'!J62 -> 0
A62: 策略人群3.0 | C62: 小镇中坚 | D62: ='1'!B63 -> 0 | E62: ='1'!C63 -> 0 | F62: ='1'!D63 -> 0 | G62: ='1'!E63 -> 0 | H62: ='1'!F63 -> 0 | I62: ='1'!G63 -> 0 | J62: ='1'!H63 -> 0 | K62: ='1'!I63 -> 0 | L62: ='1'!J63 -> 0
A63: 策略人群3.0 | C63: 实惠大众 | D63: ='1'!B64 -> 0 | E63: ='1'!C64 -> 0 | F63: ='1'!D64 -> 0 | G63: ='1'!E64 -> 0 | H63: ='1'!F64 -> 0 | I63: ='1'!G64 -> 0 | J63: ='1'!H64 -> 0 | K63: ='1'!I64 -> 0 | L63: ='1'!J64 -> 0
A64: 策略人群3.0 | C64: 资深中产 | D64: ='1'!B65 -> 0 | E64: ='1'!C65 -> 0 | F64: ='1'!D65 -> 0 | G64: ='1'!E65 -> 0 | H64: ='1'!F65 -> 0 | I64: ='1'!G65 -> 0 | J64: ='1'!H65 -> 0 | K64: ='1'!I65 -> 0 | L64: ='1'!J65 -> 0
A65: 策略人群3.0 | C65: 品质银发 | D65: ='1'!B66 -> 0 | E65: ='1'!C66 -> 0 | F65: ='1'!D66 -> 0 | G65: ='1'!E66 -> 0 | H65: ='1'!F66 -> 0 | I65: ='1'!G66 -> 0 | J65: ='1'!H66 -> 0 | K65: ='1'!I66 -> 0 | L65: ='1'!J66 -> 0
A66: 策略人群3.0 | C66: 简朴银发 | D66: ='1'!B67 -> 0 | E66: ='1'!C67 -> 0 | F66: ='1'!D67 -> 0 | G66: ='1'!E67 -> 0 | H66: ='1'!F67 -> 0 | I66: ='1'!G67 -> 0 | J66: ='1'!H67 -> 0 | K66: ='1'!I67 -> 0 | L66: ='1'!J67 -> 0
A67: 策略人群3.0 | C67: 平价青年 | D67: ='1'!B68 -> 0 | E67: ='1'!C68 -> 0 | F67: ='1'!D68 -> 0 | G67: ='1'!E68 -> 0 | H67: ='1'!F68 -> 0 | I67: ='1'!G68 -> 0 | J67: ='1'!H68 -> 0 | K67: ='1'!I68 -> 0 | L67: ='1'!J68 -> 0
A68: 月均消费金额 | B68: 月均消费金额 | C68: 0-499元 | D68: ='1'!B89 -> 0 | E68: ='1'!C89 -> 0 | F68: ='1'!D89 -> 0 | G68: ='1'!E89 -> 0 | H68: ='1'!F89 -> 0 | I68: ='1'!G89 -> 0 | J68: ='1'!H89 -> 0 | K68: ='1'!I89 -> 0 | L68: ='1'!J89 -> 0
A69: 月均消费金额 | C69: 500-999元 | D69: ='1'!B90 -> 0 | E69: ='1'!C90 -> 0 | F69: ='1'!D90 -> 0 | G69: ='1'!E90 -> 0 | H69: ='1'!F90 -> 0 | I69: ='1'!G90 -> 0 | J69: ='1'!H90 -> 0 | K69: ='1'!I90 -> 0 | L69: ='1'!J90 -> 0
A70: 月均消费金额 | C70: 1000-1499元 | D70: ='1'!B91 -> 0 | E70: ='1'!C91 -> 0 | F70: ='1'!D91 -> 0 | G70: ='1'!E91 -> 0 | H70: ='1'!F91 -> 0 | I70: ='1'!G91 -> 0 | J70: ='1'!H91 -> 0 | K70: ='1'!I91 -> 0 | L70: ='1'!J91 -> 0
A71: 月均消费金额 | C71: 1500-1999元 | D71: ='1'!B92 -> 0 | E71: ='1'!C92 -> 0 | F71: ='1'!D92 -> 0 | G71: ='1'!E92 -> 0 | H71: ='1'!F92 -> 0 | I71: ='1'!G92 -> 0 | J71: ='1'!H92 -> 0 | K71: ='1'!I92 -> 0 | L71: ='1'!J92 -> 0
A72: 月均消费金额 | C72: 2000-2999元 | D72: ='1'!B93 -> 0 | E72: ='1'!C93 -> 0 | F72: ='1'!D93 -> 0 | G72: ='1'!E93 -> 0 | H72: ='1'!F93 -> 0 | I72: ='1'!G93 -> 0 | J72: ='1'!H93 -> 0 | K72: ='1'!I93 -> 0 | L72: ='1'!J93 -> 0
A73: 月均消费金额 | C73: 3000-5999元 | D73: ='1'!B94 -> 0 | E73: ='1'!C94 -> 0 | F73: ='1'!D94 -> 0 | G73: ='1'!E94 -> 0 | H73: ='1'!F94 -> 0 | I73: ='1'!G94 -> 0 | J73: ='1'!H94 -> 0 | K73: ='1'!I94 -> 0 | L73: ='1'!J94 -> 0
A74: 月均消费金额 | C74: 6000-10000元 | D74: ='1'!B95 -> 0 | E74: ='1'!C95 -> 0 | F74: ='1'!D95 -> 0 | G74: ='1'!E95 -> 0 | H74: ='1'!F95 -> 0 | I74: ='1'!G95 -> 0 | J74: ='1'!H95 -> 0 | K74: ='1'!I95 -> 0 | L74: ='1'!J95 -> 0
A75: 月均消费金额 | C75: 10000元以上 | D75: ='1'!B96 -> 0 | E75: ='1'!C96 -> 0 | F75: ='1'!D96 -> 0 | G75: ='1'!E96 -> 0 | H75: ='1'!F96 -> 0 | I75: ='1'!G96 -> 0 | J75: ='1'!H96 -> 0 | K75: ='1'!I96 -> 0 | L75: ='1'!J96 -> 0
A76: 礼遇场景人群 | B76: 礼遇场景人群 | C76: 相恋相惜 | D76: ='1'!B97 -> 0 | E76: ='1'!C97 -> 0 | F76: ='1'!D97 -> 0 | G76: ='1'!E97 -> 0 | H76: ='1'!F97 -> 0 | I76: ='1'!G97 -> 0 | J76: ='1'!H97 -> 0 | K76: ='1'!I97 -> 0 | L76: ='1'!J97 -> 0
A77: 礼遇场景人群 | C77: 恋爱氛围 | D77: ='1'!B98 -> 0 | E77: ='1'!C98 -> 0 | F77: ='1'!D98 -> 0 | G77: ='1'!E98 -> 0 | H77: ='1'!F98 -> 0 | I77: ='1'!G98 -> 0 | J77: ='1'!H98 -> 0 | K77: ='1'!I98 -> 0 | L77: ='1'!J98 -> 0
A78: 礼遇场景人群 | C78: 社会新人 | D78: ='1'!B99 -> 0 | E78: ='1'!C99 -> 0 | F78: ='1'!D99 -> 0 | G78: ='1'!E99 -> 0 | H78: ='1'!F99 -> 0 | I78: ='1'!G99 -> 0 | J78: ='1'!H99 -> 0 | K78: ='1'!I99 -> 0 | L78: ='1'!J99 -> 0
A79: 礼遇场景人群 | C79: 新婚祝福 | D79: ='1'!B100 -> 0 | E79: ='1'!C100 -> 0 | F79: ='1'!D100 -> 0 | G79: ='1'!E100 -> 0 | H79: ='1'!F100 -> 0 | I79: ='1'!G100 -> 0 | J79: ='1'!H100 -> 0 | K79: ='1'!I100 -> 0 | L79: ='1'!J100 -> 0
A80: 礼遇场景人群 | C80: 女士优待 | D80: ='1'!B101 -> 0 | E80: ='1'!C101 -> 0 | F80: ='1'!D101 -> 0 | G80: ='1'!E101 -> 0 | H80: ='1'!F101 -> 0 | I80: ='1'!G101 -> 0 | J80: ='1'!H101 -> 0 | K80: ='1'!I101 -> 0 | L80: ='1'!J101 -> 0
A81: 礼遇场景人群 | C81: 亲情至上 | D81: ='1'!B102 -> 0 | E81: ='1'!C102 -> 0 | F81: ='1'!D102 -> 0 | G81: ='1'!E102 -> 0 | H81: ='1'!F102 -> 0 | I81: ='1'!G102 -> 0 | J81: ='1'!H102 -> 0 | K81: ='1'!I102 -> 0 | L81: ='1'!J102 -> 0
A82: 礼遇场景人群 | C82: 闺中密友(女性) | D82: ='1'!B103 -> 0 | E82: ='1'!C103 -> 0 | F82: ='1'!D103 -> 0 | G82: ='1'!E103 -> 0 | H82: ='1'!F103 -> 0 | I82: ='1'!G103 -> 0 | J82: ='1'!H103 -> 0 | K82: ='1'!I103 -> 0 | L82: ='1'!J103 -> 0
A83: 礼遇场景人群 | C83: 客情送礼 | D83: ='1'!B104 -> 0 | E83: ='1'!C104 -> 0 | F83: ='1'!D104 -> 0 | G83: ='1'!E104 -> 0 | H83: ='1'!F104 -> 0 | I83: ='1'!G104 -> 0 | J83: ='1'!H104 -> 0 | K83: ='1'!I104 -> 0 | L83: ='1'!J104 -> 0
A84: 礼遇场景人群 | C84: 母爱亲子 | D84: ='1'!B105 -> 0 | E84: ='1'!C105 -> 0 | F84: ='1'!D105 -> 0 | G84: ='1'!E105 -> 0 | H84: ='1'!F105 -> 0 | I84: ='1'!G105 -> 0 | J84: ='1'!H105 -> 0 | K84: ='1'!I105 -> 0 | L84: ='1'!J105 -> 0
A85: 礼遇场景人群 | C85: 潮流青年(男性) | D85: ='1'!B106 -> 0 | E85: ='1'!C106 -> 0 | F85: ='1'!D106 -> 0 | G85: ='1'!E106 -> 0 | H85: ='1'!F106 -> 0 | I85: ='1'!G106 -> 0 | J85: ='1'!H106 -> 0 | K85: ='1'!I106 -> 0 | L85: ='1'!J106 -> 0
A86: 礼遇场景人群 | C86: 未知 | D86: ='1'!B107 -> 0 | E86: ='1'!C107 -> 0 | F86: ='1'!D107 -> 0 | G86: ='1'!E107 -> 0 | H86: ='1'!F107 -> 0 | I86: ='1'!G107 -> 0 | J86: ='1'!H107 -> 0 | K86: ='1'!I107 -> 0 | L86: ='1'!J107 -> 0
A87: 礼遇人群 | B87: 礼遇人群 | C87: 实惠好礼 | D87: ='1'!B108 -> 0 | E87: ='1'!C108 -> 0 | F87: ='1'!D108 -> 0 | G87: ='1'!E108 -> 0 | H87: ='1'!F108 -> 0 | I87: ='1'!G108 -> 0 | J87: ='1'!H108 -> 0 | K87: ='1'!I108 -> 0 | L87: ='1'!J108 -> 0
A88: 礼遇人群 | C88: 调性奢选 | D88: ='1'!B109 -> 0 | E88: ='1'!C109 -> 0 | F88: ='1'!D109 -> 0 | G88: ='1'!E109 -> 0 | H88: ='1'!F109 -> 0 | I88: ='1'!G109 -> 0 | J88: ='1'!H109 -> 0 | K88: ='1'!I109 -> 0 | L88: ='1'!J109 -> 0
A89: 礼遇人群 | C89: 爆款跟随 | D89: ='1'!B110 -> 0 | E89: ='1'!C110 -> 0 | F89: ='1'!D110 -> 0 | G89: ='1'!E110 -> 0 | H89: ='1'!F110 -> 0 | I89: ='1'!G110 -> 0 | J89: ='1'!H110 -> 0 | K89: ='1'!I110 -> 0 | L89: ='1'!J110 -> 0
A90: 礼遇人群 | C90: 礼盒易感 | D90: ='1'!B111 -> 0 | E90: ='1'!C111 -> 0 | F90: ='1'!D111 -> 0 | G90: ='1'!E111 -> 0 | H90: ='1'!F111 -> 0 | I90: ='1'!G111 -> 0 | J90: ='1'!H111 -> 0 | K90: ='1'!I111 -> 0 | L90: ='1'!J111 -> 0
A91: 礼遇人群 | C91: 未知 | D91: ='1'!B112 -> 0 | E91: ='1'!C112 -> 0 | F91: ='1'!D112 -> 0 | G91: ='1'!E112 -> 0 | H91: ='1'!F112 -> 0 | I91: ='1'!G112 -> 0 | J91: ='1'!H112 -> 0 | K91: ='1'!I112 -> 0 | L91: ='1'!J112 -> 0
A92: 美妆洗护四大市场 | B92: 美妆洗护四大市场 | C92: 奢美市场 | D92: ='1'!B113 -> 0 | E92: ='1'!C113 -> 0 | F92: ='1'!D113 -> 0 | G92: ='1'!E113 -> 0 | H92: ='1'!F113 -> 0 | I92: ='1'!G113 -> 0 | J92: ='1'!H113 -> 0 | K92: ='1'!I113 -> 0 | L92: ='1'!J113 -> 0
A93: 美妆洗护四大市场 | C93: 下沉市场 | D93: ='1'!B114 -> 0 | E93: ='1'!C114 -> 0 | F93: ='1'!D114 -> 0 | G93: ='1'!E114 -> 0 | H93: ='1'!F114 -> 0 | I93: ='1'!G114 -> 0 | J93: ='1'!H114 -> 0 | K93: ='1'!I114 -> 0 | L93: ='1'!J114 -> 0
A94: 美妆洗护四大市场 | C94: 年轻市场 | D94: ='1'!B115 -> 0 | E94: ='1'!C115 -> 0 | F94: ='1'!D115 -> 0 | G94: ='1'!E115 -> 0 | H94: ='1'!F115 -> 0 | I94: ='1'!G115 -> 0 | J94: ='1'!H115 -> 0 | K94: ='1'!I115 -> 0 | L94: ='1'!J115 -> 0
A95: 美妆洗护四大市场 | C95: 中坚力量 | D95: ='1'!B116 -> 0 | E95: ='1'!C116 -> 0 | F95: ='1'!D116 -> 0 | G95: ='1'!E116 -> 0 | H95: ='1'!F116 -> 0 | I95: ='1'!G116 -> 0 | J95: ='1'!H116 -> 0 | K95: ='1'!I116 -> 0 | L95: ='1'!J116 -> 0
A96: 美妆洗护四大市场 | C96: 未知 | D96: ='1'!B117 -> 0 | E96: ='1'!C117 -> 0 | F96: ='1'!D117 -> 0 | G96: ='1'!E117 -> 0 | H96: ='1'!F117 -> 0 | I96: ='1'!G117 -> 0 | J96: ='1'!H117 -> 0 | K96: ='1'!I117 -> 0 | L96: ='1'!J117 -> 0
A97: 肤质 | B97: 肤质 | C97: 干性 | D97: ='1'!B118 -> 0 | E97: ='1'!C118 -> 0 | F97: ='1'!D118 -> 0 | G97: ='1'!E118 -> 0 | H97: ='1'!F118 -> 0 | I97: ='1'!G118 -> 0 | J97: ='1'!H118 -> 0 | K97: ='1'!I118 -> 0 | L97: ='1'!J118 -> 0
A98: 肤质 | C98: 油性 | D98: ='1'!B119 -> 0 | E98: ='1'!C119 -> 0 | F98: ='1'!D119 -> 0 | G98: ='1'!E119 -> 0 | H98: ='1'!F119 -> 0 | I98: ='1'!G119 -> 0 | J98: ='1'!H119 -> 0 | K98: ='1'!I119 -> 0 | L98: ='1'!J119 -> 0
A99: 肤质 | C99: 中性 | D99: ='1'!B120 -> 0 | E99: ='1'!C120 -> 0 | F99: ='1'!D120 -> 0 | G99: ='1'!E120 -> 0 | H99: ='1'!F120 -> 0 | I99: ='1'!G120 -> 0 | J99: ='1'!H120 -> 0 | K99: ='1'!I120 -> 0 | L99: ='1'!J120 -> 0
A100: 肤质 | C100: 混合性 | D100: ='1'!B121 -> 0 | E100: ='1'!C121 -> 0 | F100: ='1'!D121 -> 0 | G100: ='1'!E121 -> 0 | H100: ='1'!F121 -> 0 | I100: ='1'!G121 -> 0 | J100: ='1'!H121 -> 0 | K100: ='1'!I121 -> 0 | L100: ='1'!J121 -> 0
A101: 肤质 | C101: 敏感性 | D101: ='1'!B122 -> 0 | E101: ='1'!C122 -> 0 | F101: ='1'!D122 -> 0 | G101: ='1'!E122 -> 0 | H101: ='1'!F122 -> 0 | I101: ='1'!G122 -> 0 | J101: ='1'!H122 -> 0 | K101: ='1'!I122 -> 0 | L101: ='1'!J122 -> 0
A102: 肤质 | C102: 未知 | D102: ='1'!B123 -> 0 | E102: ='1'!C123 -> 0 | F102: ='1'!D123 -> 0 | G102: ='1'!E123 -> 0 | H102: ='1'!F123 -> 0 | I102: ='1'!G123 -> 0 | J102: ='1'!H123 -> 0 | K102: ='1'!I123 -> 0 | L102: ='1'!J123 -> 0
...

Sheet 1
A1: A | B1: 新建 文本文档
A2: 人群量级 | B2: 42410
A3: 性别男 | B3: 0.0426
A4: 性别女 | B4: 0.9566
A5: 性别未知 | B5: 0.0008
A6: 年龄[18,24] | B6: 0.2382
A7: 年龄[25,29] | B7: 0.3807
A8: 年龄[30,34] | B8: 0.202
A9: 年龄[35,39] | B9: 0.1066
A10: 年龄[40,44] | B10: 0.0346
A11: 年龄[45,49] | B11: 0.0145
A12: 年龄[50,54] | B12: 0.0096
A13: 年龄[55,59] | B13: 0.0043
... A57: 策略人群都市银发族 | B57: 0.011
A58: 策略人群未知
A59: 十大策略人群精致女性
A60: 十大策略人群小镇新贵
A61: 十大策略人群都市型男
A62: 十大策略人群悦己青年
A63: 十大策略人群小镇中坚
A64: 十大策略人群实惠大众
A65: 十大策略人群资深中产
A66: 十大策略人群品质银发
A67: 十大策略人群简朴银发
A68: 十大策略人群平价青年
A69: 彩妆年消费金额0元 | B69: 0.0014
A70: 彩妆年消费金额1-99元 | B70: 0.0009
A71: 彩妆年消费金额100-199元 | B71: 0.0007
A72: 彩妆年消费金额200-299元 | B72: 0.0004
A73: 彩妆年消费金额300-499元 | B73: 0.0288
A74: 彩妆年消费金额500-799元 | B74: 0.1047
A75: 彩妆年消费金额800-999元 | B75: 0.0727
A76: 彩妆年消费金额1000-1499元 | B76: 0.1805
A77: 彩妆年消费金额1500-1999元 | B77: 0.1435
A78: 彩妆年消费金额2000-4999元 | B78: 0.3534
A79: 彩妆年消费金额5000元及以上 | B79: 0.113
A80: 彩妆年消费频次0次 | B80: 0.0014
... A88: 彩妆年消费频次13次及以上 | B88: 0.5631
A89: 月均消费金额0-499元
A90: 月均消费金额500-999元
A91: 月均消费金额1000-1499元
A92: 月均消费金额1500-1999元
A93: 月均消费金额2000-2999元
A94: 月均消费金额3000-5999元
A95: 月均消费金额6000-10000元
A96: 月均消费金额10000元以上
A97: 礼遇场景人群相恋相惜
A98: 礼遇场景人群恋爱氛围
A99: 礼遇场景人群社会新人
A100: 礼遇场景人群新婚祝福
... A131: 美妆心智人群未知
A132: 彩妆功效需求定妆持久 | B132: 0.6173
A133: 彩妆功效需求提亮肤色 | B133: 0.5747
A134: 彩妆功效需求修颜 | B134: 0.4949
A135: 彩妆功效需求保湿滋润 | B135: 0.3802
A136: 彩妆功效需求易上色 | B136: 0.3944
A137: 彩妆功效需求自然贴服 | B137: 0.3277
A138: 彩妆功效需求美白遮瑕 | B138: 0.2721
A139: 彩妆功效需求防水 | B139: 0.2497
A140: 彩妆功效需求收缩毛孔 | B140: 0.1558
A141: 彩妆功效需求控油 | B141: 0.1428
A142: 彩妆功效需求隔离 | B142: 0.077
A143: 彩妆功效需求防晒 | B143: 0.0384
... A149: 彩妆功效需求祛痘 | B149: 0.0005
A150: 彩妆功效需求祛斑
A151: 护肤品功效需求保湿补水
A152: 护肤品功效需求修护
A153: 护肤品功效需求净化肌肤
A154: 护肤品功效需求提亮肤色
A155: 护肤品功效需求控油
A156: 护肤品功效需求提拉紧致
A157: 护肤品功效需求去黑头/收缩毛孔
A158: 护肤品功效需求祛皱
A159: 护肤品功效需求美白
A160: 护肤品功效需求防晒
A161: 护肤品功效需求祛疤/祛痘
... A236: 十大策略人群未知
